Dataset,Year,Source,API endpoint,Geography,Variable,Variable description,Estimate/MOE,Date downloaded,Notes/limitations
ACS 5-Year Estimates,2024,U.S. Census Bureau,https://api.census.gov/data/2024/acs/acs5,"Williamson County, Texas block groups filtered to the Liberty Hill study area",B01003_001E,Estimate!!Total,Estimate,2026-09-15,Total population
ACS 5-Year Estimates,2024,U.S. Census Bureau,https://api.census.gov/data/2024/acs/acs5,"Williamson County, Texas block groups filtered to the Liberty Hill study area",B27010_001E,Estimate!!Total:,Estimate,2026-09-15,Civilian noninstitutionalized population for health insurance calculation
ACS 5-Year Estimates,2024,U.S. Census Bureau,https://api.census.gov/data/2024/acs/acs5,"Williamson County, Texas block groups filtered to the Liberty Hill study area",C18108_001E,Estimate!!Total:,Estimate,2026-09-15,Civilian noninstitutionalized population for disability calculation
ACS 5-Year Estimates,2024,U.S. Census Bureau,https://api.census.gov/data/2024/acs/acs5,"Williamson County, Texas block groups filtered to the Liberty Hill study area",C17002_001E,Estimate!!Total:,Estimate,2026-09-15,Population for whom poverty status is determined
ACS 5-Year Estimates,2024,U.S. Census Bureau,https://api.census.gov/data/2024/acs/acs5,"Williamson County, Texas block groups filtered to the Liberty Hill study area",B19013_001E,Estimate!!Median household income in the past 12 months (in 2024 inflation-adjusted dollars),Estimate,2026-09-15,Median household income in the past 12 months
ACS 5-Year Estimates,2024,U.S. Census Bureau,https://api.census.gov/data/2024/acs/acs5,"Williamson County, Texas block groups filtered to the Liberty Hill study area",B19301_001E,Estimate!!Per capita income in the past 12 months (in 2024 inflation-adjusted dollars),Estimate,2026-09-15,Per capita income in the past 12 months
ACS 5-Year Estimates,2024,U.S. Census Bureau,https://api.census.gov/data/2024/acs/acs5,"Williamson County, Texas block groups filtered to the Liberty Hill study area",B08201_001E,Estimate!!Total:,Estimate,2026-09-15,Total households
ACS 5-Year Estimates,2024,U.S. Census Bureau,https://api.census.gov/data/2024/acs/acs5,"Williamson County, Texas block groups filtered to the Liberty Hill study area",B08201_002E,Estimate!!Total:!!No vehicle available,Estimate,2026-09-15,Households with no vehicle available
ACS 5-Year Estimates,2024,U.S. Census Bureau,https://api.census.gov/data/2024/acs/acs5,"Williamson County, Texas block groups filtered to the Liberty Hill study area",B01001_003E,Estimate!!Total:!!Male:!!Under 5 years,Estimate,2026-09-15,Age component for under5
ACS 5-Year Estimates,2024,U.S. Census Bureau,https://api.census.gov/data/2024/acs/acs5,"Williamson County, Texas block groups filtered to the Liberty Hill study area",B01001_027E,Estimate!!Total:!!Female:!!Under 5 years,Estimate,2026-09-15,Age component for under5
ACS 5-Year Estimates,2024,U.S. Census Bureau,https://api.census.gov/data/2024/acs/acs5,"Williamson County, Texas block groups filtered to the Liberty Hill study area",B01001_003E,Estimate!!Total:!!Male:!!Under 5 years,Estimate,2026-09-15,Age component for under18
ACS 5-Year Estimates,2024,U.S. Census Bureau,https://api.census.gov/data/2024/acs/acs5,"Williamson County, Texas block groups filtered to the Liberty Hill study area",B01001_004E,Estimate!!Total:!!Male:!!5 to 9 years,Estimate,2026-09-15,Age component for under18
ACS 5-Year Estimates,2024,U.S. Census Bureau,https://api.census.gov/data/2024/acs/acs5,"Williamson County, Texas block groups filtered to the Liberty Hill study area",B01001_005E,Estimate!!Total:!!Male:!!10 to 14 years,Estimate,2026-09-15,Age component for under18
ACS 5-Year Estimates,2024,U.S. Census Bureau,https://api.census.gov/data/2024/acs/acs5,"Williamson County, Texas block groups filtered to the Liberty Hill study area",B01001_006E,Estimate!!Total:!!Male:!!15 to 17 years,Estimate,2026-09-15,Age component for under18
ACS 5-Year Estimates,2024,U.S. Census Bureau,https://api.census.gov/data/2024/acs/acs5,"Williamson County, Texas block groups filtered to the Liberty Hill study area",B01001_027E,Estimate!!Total:!!Female:!!Under 5 years,Estimate,2026-09-15,Age component for under18
ACS 5-Year Estimates,2024,U.S. Census Bureau,https://api.census.gov/data/2024/acs/acs5,"Williamson County, Texas block groups filtered to the Liberty Hill study area",B01001_028E,Estimate!!Total:!!Female:!!5 to 9 years,Estimate,2026-09-15,Age component for under18
ACS 5-Year Estimates,2024,U.S. Census Bureau,https://api.census.gov/data/2024/acs/acs5,"Williamson County, Texas block groups filtered to the Liberty Hill study area",B01001_029E,Estimate!!Total:!!Female:!!10 to 14 years,Estimate,2026-09-15,Age component for under18
ACS 5-Year Estimates,2024,U.S. Census Bureau,https://api.census.gov/data/2024/acs/acs5,"Williamson County, Texas block groups filtered to the Liberty Hill study area",B01001_030E,Estimate!!Total:!!Female:!!15 to 17 years,Estimate,2026-09-15,Age component for under18
ACS 5-Year Estimates,2024,U.S. Census Bureau,https://api.census.gov/data/2024/acs/acs5,"Williamson County, Texas block groups filtered to the Liberty Hill study area",B01001_007E,Estimate!!Total:!!Male:!!18 and 19 years,Estimate,2026-09-15,Age component for age18_64
ACS 5-Year Estimates,2024,U.S. Census Bureau,https://api.census.gov/data/2024/acs/acs5,"Williamson County, Texas block groups filtered to the Liberty Hill study area",B01001_008E,Estimate!!Total:!!Male:!!20 years,Estimate,2026-09-15,Age component for age18_64
ACS 5-Year Estimates,2024,U.S. Census Bureau,https://api.census.gov/data/2024/acs/acs5,"Williamson County, Texas block groups filtered to the Liberty Hill study area",B01001_009E,Estimate!!Total:!!Male:!!21 years,Estimate,2026-09-15,Age component for age18_64
ACS 5-Year Estimates,2024,U.S. Census Bureau,https://api.census.gov/data/2024/acs/acs5,"Williamson County, Texas block groups filtered to the Liberty Hill study area",B01001_010E,Estimate!!Total:!!Male:!!22 to 24 years,Estimate,2026-09-15,Age component for age18_64
ACS 5-Year Estimates,2024,U.S. Census Bureau,https://api.census.gov/data/2024/acs/acs5,"Williamson County, Texas block groups filtered to the Liberty Hill study area",B01001_011E,Estimate!!Total:!!Male:!!25 to 29 years,Estimate,2026-09-15,Age component for age18_64
ACS 5-Year Estimates,2024,U.S. Census Bureau,https://api.census.gov/data/2024/acs/acs5,"Williamson County, Texas block groups filtered to the Liberty Hill study area",B01001_012E,Estimate!!Total:!!Male:!!30 to 34 years,Estimate,2026-09-15,Age component for age18_64
ACS 5-Year Estimates,2024,U.S. Census Bureau,https://api.census.gov/data/2024/acs/acs5,"Williamson County, Texas block groups filtered to the Liberty Hill study area",B01001_013E,Estimate!!Total:!!Male:!!35 to 39 years,Estimate,2026-09-15,Age component for age18_64
ACS 5-Year Estimates,2024,U.S. Census Bureau,https://api.census.gov/data/2024/acs/acs5,"Williamson County, Texas block groups filtered to the Liberty Hill study area",B01001_014E,Estimate!!Total:!!Male:!!40 to 44 years,Estimate,2026-09-15,Age component for age18_64
ACS 5-Year Estimates,2024,U.S. Census Bureau,https://api.census.gov/data/2024/acs/acs5,"Williamson County, Texas block groups filtered to the Liberty Hill study area",B01001_015E,Estimate!!Total:!!Male:!!45 to 49 years,Estimate,2026-09-15,Age component for age18_64
ACS 5-Year Estimates,2024,U.S. Census Bureau,https://api.census.gov/data/2024/acs/acs5,"Williamson County, Texas block groups filtered to the Liberty Hill study area",B01001_016E,Estimate!!Total:!!Male:!!50 to 54 years,Estimate,2026-09-15,Age component for age18_64
ACS 5-Year Estimates,2024,U.S. Census Bureau,https://api.census.gov/data/2024/acs/acs5,"Williamson County, Texas block groups filtered to the Liberty Hill study area",B01001_017E,Estimate!!Total:!!Male:!!55 to 59 years,Estimate,2026-09-15,Age component for age18_64
ACS 5-Year Estimates,2024,U.S. Census Bureau,https://api.census.gov/data/2024/acs/acs5,"Williamson County, Texas block groups filtered to the Liberty Hill study area",B01001_018E,Estimate!!Total:!!Male:!!60 and 61 years,Estimate,2026-09-15,Age component for age18_64
ACS 5-Year Estimates,2024,U.S. Census Bureau,https://api.census.gov/data/2024/acs/acs5,"Williamson County, Texas block groups filtered to the Liberty Hill study area",B01001_019E,Estimate!!Total:!!Male:!!62 to 64 years,Estimate,2026-09-15,Age component for age18_64
ACS 5-Year Estimates,2024,U.S. Census Bureau,https://api.census.gov/data/2024/acs/acs5,"Williamson County, Texas block groups filtered to the Liberty Hill study area",B01001_031E,Estimate!!Total:!!Female:!!18 and 19 years,Estimate,2026-09-15,Age component for age18_64
ACS 5-Year Estimates,2024,U.S. Census Bureau,https://api.census.gov/data/2024/acs/acs5,"Williamson County, Texas block groups filtered to the Liberty Hill study area",B01001_032E,Estimate!!Total:!!Female:!!20 years,Estimate,2026-09-15,Age component for age18_64
ACS 5-Year Estimates,2024,U.S. Census Bureau,https://api.census.gov/data/2024/acs/acs5,"Williamson County, Texas block groups filtered to the Liberty Hill study area",B01001_033E,Estimate!!Total:!!Female:!!21 years,Estimate,2026-09-15,Age component for age18_64
ACS 5-Year Estimates,2024,U.S. Census Bureau,https://api.census.gov/data/2024/acs/acs5,"Williamson County, Texas block groups filtered to the Liberty Hill study area",B01001_034E,Estimate!!Total:!!Female:!!22 to 24 years,Estimate,2026-09-15,Age component for age18_64
ACS 5-Year Estimates,2024,U.S. Census Bureau,https://api.census.gov/data/2024/acs/acs5,"Williamson County, Texas block groups filtered to the Liberty Hill study area",B01001_035E,Estimate!!Total:!!Female:!!25 to 29 years,Estimate,2026-09-15,Age component for age18_64
ACS 5-Year Estimates,2024,U.S. Census Bureau,https://api.census.gov/data/2024/acs/acs5,"Williamson County, Texas block groups filtered to the Liberty Hill study area",B01001_036E,Estimate!!Total:!!Female:!!30 to 34 years,Estimate,2026-09-15,Age component for age18_64
ACS 5-Year Estimates,2024,U.S. Census Bureau,https://api.census.gov/data/2024/acs/acs5,"Williamson County, Texas block groups filtered to the Liberty Hill study area",B01001_037E,Estimate!!Total:!!Female:!!35 to 39 years,Estimate,2026-09-15,Age component for age18_64
ACS 5-Year Estimates,2024,U.S. Census Bureau,https://api.census.gov/data/2024/acs/acs5,"Williamson County, Texas block groups filtered to the Liberty Hill study area",B01001_038E,Estimate!!Total:!!Female:!!40 to 44 years,Estimate,2026-09-15,Age component for age18_64
ACS 5-Year Estimates,2024,U.S. Census Bureau,https://api.census.gov/data/2024/acs/acs5,"Williamson County, Texas block groups filtered to the Liberty Hill study area",B01001_039E,Estimate!!Total:!!Female:!!45 to 49 years,Estimate,2026-09-15,Age component for age18_64
ACS 5-Year Estimates,2024,U.S. Census Bureau,https://api.census.gov/data/2024/acs/acs5,"Williamson County, Texas block groups filtered to the Liberty Hill study area",B01001_040E,Estimate!!Total:!!Female:!!50 to 54 years,Estimate,2026-09-15,Age component for age18_64
ACS 5-Year Estimates,2024,U.S. Census Bureau,https://api.census.gov/data/2024/acs/acs5,"Williamson County, Texas block groups filtered to the Liberty Hill study area",B01001_041E,Estimate!!Total:!!Female:!!55 to 59 years,Estimate,2026-09-15,Age component for age18_64
ACS 5-Year Estimates,2024,U.S. Census Bureau,https://api.census.gov/data/2024/acs/acs5,"Williamson County, Texas block groups filtered to the Liberty Hill study area",B01001_042E,Estimate!!Total:!!Female:!!60 and 61 years,Estimate,2026-09-15,Age component for age18_64
ACS 5-Year Estimates,2024,U.S. Census Bureau,https://api.census.gov/data/2024/acs/acs5,"Williamson County, Texas block groups filtered to the Liberty Hill study area",B01001_043E,Estimate!!Total:!!Female:!!62 to 64 years,Estimate,2026-09-15,Age component for age18_64
ACS 5-Year Estimates,2024,U.S. Census Bureau,https://api.census.gov/data/2024/acs/acs5,"Williamson County, Texas block groups filtered to the Liberty Hill study area",B01001_020E,Estimate!!Total:!!Male:!!65 and 66 years,Estimate,2026-09-15,Age component for age65plus
ACS 5-Year Estimates,2024,U.S. Census Bureau,https://api.census.gov/data/2024/acs/acs5,"Williamson County, Texas block groups filtered to the Liberty Hill study area",B01001_021E,Estimate!!Total:!!Male:!!67 to 69 years,Estimate,2026-09-15,Age component for age65plus
ACS 5-Year Estimates,2024,U.S. Census Bureau,https://api.census.gov/data/2024/acs/acs5,"Williamson County, Texas block groups filtered to the Liberty Hill study area",B01001_022E,Estimate!!Total:!!Male:!!70 to 74 years,Estimate,2026-09-15,Age component for age65plus
ACS 5-Year Estimates,2024,U.S. Census Bureau,https://api.census.gov/data/2024/acs/acs5,"Williamson County, Texas block groups filtered to the Liberty Hill study area",B01001_023E,Estimate!!Total:!!Male:!!75 to 79 years,Estimate,2026-09-15,Age component for age65plus
ACS 5-Year Estimates,2024,U.S. Census Bureau,https://api.census.gov/data/2024/acs/acs5,"Williamson County, Texas block groups filtered to the Liberty Hill study area",B01001_024E,Estimate!!Total:!!Male:!!80 to 84 years,Estimate,2026-09-15,Age component for age65plus
ACS 5-Year Estimates,2024,U.S. Census Bureau,https://api.census.gov/data/2024/acs/acs5,"Williamson County, Texas block groups filtered to the Liberty Hill study area",B01001_025E,Estimate!!Total:!!Male:!!85 years and over,Estimate,2026-09-15,Age component for age65plus
ACS 5-Year Estimates,2024,U.S. Census Bureau,https://api.census.gov/data/2024/acs/acs5,"Williamson County, Texas block groups filtered to the Liberty Hill study area",B01001_044E,Estimate!!Total:!!Female:!!65 and 66 years,Estimate,2026-09-15,Age component for age65plus
ACS 5-Year Estimates,2024,U.S. Census Bureau,https://api.census.gov/data/2024/acs/acs5,"Williamson County, Texas block groups filtered to the Liberty Hill study area",B01001_045E,Estimate!!Total:!!Female:!!67 to 69 years,Estimate,2026-09-15,Age component for age65plus
ACS 5-Year Estimates,2024,U.S. Census Bureau,https://api.census.gov/data/2024/acs/acs5,"Williamson County, Texas block groups filtered to the Liberty Hill study area",B01001_046E,Estimate!!Total:!!Female:!!70 to 74 years,Estimate,2026-09-15,Age component for age65plus
ACS 5-Year Estimates,2024,U.S. Census Bureau,https://api.census.gov/data/2024/acs/acs5,"Williamson County, Texas block groups filtered to the Liberty Hill study area",B01001_047E,Estimate!!Total:!!Female:!!75 to 79 years,Estimate,2026-09-15,Age component for age65plus
ACS 5-Year Estimates,2024,U.S. Census Bureau,https://api.census.gov/data/2024/acs/acs5,"Williamson County, Texas block groups filtered to the Liberty Hill study area",B01001_048E,Estimate!!Total:!!Female:!!80 to 84 years,Estimate,2026-09-15,Age component for age65plus
ACS 5-Year Estimates,2024,U.S. Census Bureau,https://api.census.gov/data/2024/acs/acs5,"Williamson County, Texas block groups filtered to the Liberty Hill study area",B01001_049E,Estimate!!Total:!!Female:!!85 years and over,Estimate,2026-09-15,Age component for age65plus
ACS 5-Year Estimates,2024,U.S. Census Bureau,https://api.census.gov/data/2024/acs/acs5,"Williamson County, Texas block groups filtered to the Liberty Hill study area",B27010_017E,Estimate!!Total:!!Under 19 years:!!No health insurance coverage,Estimate,2026-09-15,Uninsured population component
ACS 5-Year Estimates,2024,U.S. Census Bureau,https://api.census.gov/data/2024/acs/acs5,"Williamson County, Texas block groups filtered to the Liberty Hill study area",B27010_033E,Estimate!!Total:!!19 to 34 years:!!No health insurance coverage,Estimate,2026-09-15,Uninsured population component
ACS 5-Year Estimates,2024,U.S. Census Bureau,https://api.census.gov/data/2024/acs/acs5,"Williamson County, Texas block groups filtered to the Liberty Hill study area",B27010_050E,Estimate!!Total:!!35 to 64 years:!!No health insurance coverage,Estimate,2026-09-15,Uninsured population component
ACS 5-Year Estimates,2024,U.S. Census Bureau,https://api.census.gov/data/2024/acs/acs5,"Williamson County, Texas block groups filtered to the Liberty Hill study area",B27010_066E,Estimate!!Total:!!65 years and over:!!No health insurance coverage,Estimate,2026-09-15,Uninsured population component
ACS 5-Year Estimates,2024,U.S. Census Bureau,https://api.census.gov/data/2024/acs/acs5,"Williamson County, Texas block groups filtered to the Liberty Hill study area",C18108_003E,Estimate!!Total:!!Under 18 years:!!With one type of disability,Estimate,2026-09-15,Population with disability component
ACS 5-Year Estimates,2024,U.S. Census Bureau,https://api.census.gov/data/2024/acs/acs5,"Williamson County, Texas block groups filtered to the Liberty Hill study area",C18108_004E,Estimate!!Total:!!Under 18 years:!!With two or more types of disability,Estimate,2026-09-15,Population with disability component
ACS 5-Year Estimates,2024,U.S. Census Bureau,https://api.census.gov/data/2024/acs/acs5,"Williamson County, Texas block groups filtered to the Liberty Hill study area",C18108_007E,Estimate!!Total:!!18 to 64 years:!!With one type of disability,Estimate,2026-09-15,Population with disability component
ACS 5-Year Estimates,2024,U.S. Census Bureau,https://api.census.gov/data/2024/acs/acs5,"Williamson County, Texas block groups filtered to the Liberty Hill study area",C18108_008E,Estimate!!Total:!!18 to 64 years:!!With two or more types of disability,Estimate,2026-09-15,Population with disability component
ACS 5-Year Estimates,2024,U.S. Census Bureau,https://api.census.gov/data/2024/acs/acs5,"Williamson County, Texas block groups filtered to the Liberty Hill study area",C18108_011E,Estimate!!Total:!!65 years and over:!!With one type of disability,Estimate,2026-09-15,Population with disability component
ACS 5-Year Estimates,2024,U.S. Census Bureau,https://api.census.gov/data/2024/acs/acs5,"Williamson County, Texas block groups filtered to the Liberty Hill study area",C18108_012E,Estimate!!Total:!!65 years and over:!!With two or more types of disability,Estimate,2026-09-15,Population with disability component
ACS 5-Year Estimates,2024,U.S. Census Bureau,https://api.census.gov/data/2024/acs/acs5,"Williamson County, Texas block groups filtered to the Liberty Hill study area",C17002_002E,Estimate!!Total:!!Under .50,Estimate,2026-09-15,Population below poverty component
ACS 5-Year Estimates,2024,U.S. Census Bureau,https://api.census.gov/data/2024/acs/acs5,"Williamson County, Texas block groups filtered to the Liberty Hill study area",C17002_003E,Estimate!!Total:!!.50 to .99,Estimate,2026-09-15,Population below poverty component
